{
    "loss": [
        0.2603966514591457,
        0.22558410178665628,
        0.2081442566625645,
        0.19295682373782336,
        0.1754877874558677,
        0.15932398616041596,
        0.14088306129175088,
        0.12174735100525062,
        0.10403909188847277,
        0.08878160011294964
    ],
    "accuracy": [
        0.8909227553972389,
        0.9070140940771931,
        0.9148229746841959,
        0.9210978761080169,
        0.9289994131757487,
        0.9355934646309699,
        0.9436545767144019,
        0.9517723121905017,
        0.9591282056561622,
        0.9662524579699999
    ],
    "precision": [
        0.9169355980184005,
        0.9303422756706753,
        0.9363949286981805,
        0.9411189888586142,
        0.9473560114033396,
        0.9523816335288228,
        0.9587428718801043,
        0.9646612714774169,
        0.9703391655064517,
        0.9755852362487434
    ],
    "recall": [
        0.9320006330206595,
        0.9404744777579559,
        0.9451717787880531,
        0.9491209644932957,
        0.9537822984404672,
        0.957889739310583,
        0.9626877481728722,
        0.9680684237785578,
        0.9726146630603671,
        0.9772975772572942
    ],
    "f1": [
        0.9244067409637695,
        0.9353809390941026,
        0.9407628832763527,
        0.9451030392458831,
        0.9505582937539206,
        0.9551277453413476,
        0.960711260426986,
        0.9663618444437264,
        0.9714755818047263,
        0.9764406560393278
    ]
}